id;start_date;end_date;language
1;2024-08-01T00:21:51;2024-08-01T14:39:05;ENGLISH
2;2024-08-01T01:57:35;2024-07-31T17:25:09;ENGLISH
3;2024-08-01T06:44:46;2024-08-01T10:47:00;SPANISH
4;2024-08-01T16:20:52;2024-08-01T09:37:29;SPANISH
5;2024-08-01T07:24:06;2024-08-01T00:28:55;FRENCH
6;2024-07-31T17:27:43;2024-08-01T05:21:49;ENGLISH
7;2024-08-01T04:46:59;2024-08-01T08:05:38;SPANISH
8;2024-08-01T10:16:59;2024-08-01T00:07:42;FRENCH
9;2024-08-01T00:16:10;2024-08-01T06:21:53;ENGLISH
10;2024-08-01T06:38:20;2024-08-01T07:32:25;SPANISH
